10,1,Episode One: Whither Canada?,Famous deaths,Dialogue,John Cleese,Mozart,"Hello again, and welcome to the show. Tonight we continue to look at some famous deaths. Tonight we start with the wonderful death of Genghis Khan, conqueror of India. Take it away Genghis.",1969-09-07 00:00:00,1/1,1969-10-05 00:00:00
12,1,Episode One: Whither Canada?,Famous deaths,Dialogue,Graham Chapman,Voice Over,"9.1, 9.3, 9.7, that's 28.1 for Genghis Khan.",1969-09-07 00:00:00,1/1,1969-10-05 00:00:00
14,1,Episode One: Whither Canada?,Famous deaths,Dialogue,John Cleese,Mozart,Bad luck Genghis. Nice to have you on the show. And now here are the scores.,1969-09-07 00:00:00,1/1,1969-10-05 00:00:00
17,1,Episode One: Whither Canada?,Famous deaths,Dialogue,Eric Idle,Eddie,"Well there you can see the scores now. St Stephen in the lead there with his stoning, then comes King Richard the Third at Bosworth Field, a grand death that, then the very lovely Jean d'Arc, then Marat in his bath - best of friends with Charlotte in the showers afterwards - then A. Lincoln of the U.S of A, a grand little chap that, and number six Genghis Khan, and the back marker King Edward the Seventh. Back to you, Wolfgang.",1969-09-07 00:00:00,1/1,1969-10-05 00:00:00
18,1,Episode One: Whither Canada?,Famous deaths,Dialogue,John Cleese,Mozart,"Thank you, Eddie. And now time for this week's request death.",1969-09-07 00:00:00,1/1,1969-10-05 00:00:00
20,1,Episode One: Whither Canada?,Famous deaths,Dialogue,John Cleese,Mozart,"For Mr and Mrs Violet Stebbings of 23 Wolverston Road, Hull, the death of Mr Bruce Foster of Guildford.",1969-09-07 00:00:00,1/1,1969-10-05 00:00:00
22,1,Episode One: Whither Canada?,Famous deaths,Dialogue,Graham Chapman,Foster,Strewth!,1969-09-07 00:00:00,1/1,1969-10-05 00:00:00
25,1,Episode One: Whither Canada?,Famous deaths,Dialogue,John Cleese,Mozart,"Oh blimey, how time flies. Sadly we are reaching the end of yet another programme and so it is finale time. We are proud to be bringing to you one of the evergreen bucket kickers. Yes, the wonderful death of the famous English Admiral Nelson.",1969-09-07 00:00:00,1/1,1969-10-05 00:00:00
30,1,Episode One: Whither Canada?,Italian lesson,Dialogue,Terry Jones,Teacher,"Ah - good evening everyone, and welcome to the second of our Italian language classes, in which we'll be helping you brush up your Italian. Last week we started at the beginning, and we learnt the Italian for a 'spoon'. Now, I wonder how many of you can remember what it was?",1969-09-07 00:00:00,1/1,1969-10-05 00:00:00
32,1,Episode One: Whither Canada?,Italian lesson,Dialogue,Terry Jones,Teacher,Not all at once ... sit down Mario. Giuseppe!,1969-09-07 00:00:00,1/1,1969-10-05 00:00:00
33,1,Episode One: Whither Canada?,Italian lesson,Dialogue,Michael Palin,Giuseppe,Il cucchiaio.,1969-09-07 00:00:00,1/1,1969-10-05 00:00:00
34,1,Episode One: Whither Canada?,Italian lesson,Dialogue,Terry Jones,Teacher,"Well done Giuseppe, or, as the Italians would say: 'Molto bene, Giuseppe'.",1969-09-07 00:00:00,1/1,1969-10-05 00:00:00
35,1,Episode One: Whither Canada?,Italian lesson,Dialogue,Michael Palin,Giuseppe,Grazie signor ... grazie di tutta la sua gentilezza.,1969-09-07 00:00:00,1/1,1969-10-05 00:00:00
36,1,Episode One: Whither Canada?,Italian lesson,Dialogue,Terry Jones,Teacher,"Well, now, this week we're going to learn some useful phrases to help us open a conversation with an Italian. Now first of all try telling him where you come from. For example, I would say: 'Sono Inglese di Gerrard's Cross', I am an Englishman from Gerrard's Cross. Shall we all try that together?",1969-09-07 00:00:00,1/1,1969-10-05 00:00:00
38,1,Episode One: Whither Canada?,Italian lesson,Dialogue,Terry Jones,Teacher,"Not too bad, now let's try it with somebody else. Er... Mr... ?",1969-09-07 00:00:00,1/1,1969-10-05 00:00:00
39,1,Episode One: Whither Canada?,Italian lesson,Dialogue,John Cleese,Mariolini,Mariolini.,1969-09-07 00:00:00,1/1,1969-10-05 00:00:00
40,1,Episode One: Whither Canada?,Italian lesson,Dialogue,Terry Jones,Teacher,"Ah, Mr Mariolini, and where are you from?",1969-09-07 00:00:00,1/1,1969-10-05 00:00:00
41,1,Episode One: Whither Canada?,Italian lesson,Dialogue,John Cleese,Mariolini,"Napoli, signor.",1969-09-07 00:00:00,1/1,1969-10-05 00:00:00
42,1,Episode One: Whither Canada?,Italian lesson,Dialogue,Terry Jones,Teacher,Ah ... you're an Italian.,1969-09-07 00:00:00,1/1,1969-10-05 00:00:00
43,1,Episode One: Whither Canada?,Italian lesson,Dialogue,John Cleese,Mariolini,"Si, si signor!",1969-09-07 00:00:00,1/1,1969-10-05 00:00:00
44,1,Episode One: Whither Canada?,Italian lesson,Dialogue,Terry Jones,Teacher,Well in that case you would say: 'Sono Italiano di Napoli'.,1969-09-07 00:00:00,1/1,1969-10-05 00:00:00
45,1,Episode One: Whither Canada?,Italian lesson,Dialogue,John Cleese,Mariolini,"Ah, capisco, mile grazie signor...",1969-09-07 00:00:00,1/1,1969-10-05 00:00:00
46,1,Episode One: Whither Canada?,Italian lesson,Dialogue,Eric Idle,Francesco,"Per favore, signor!",1969-09-07 00:00:00,1/1,1969-10-05 00:00:00
47,1,Episode One: Whither Canada?,Italian lesson,Dialogue,Terry Jones,Teacher,Yes?,1969-09-07 00:00:00,1/1,1969-10-05 00:00:00
48,1,Episode One: Whither Canada?,Italian lesson,Dialogue,Eric Idle,Francesco,"Non conosgeve parliamente, signor devo me parlo sono Italiano di Napoli quando il habitare de Milano.",1969-09-07 00:00:00,1/1,1969-10-05 00:00:00
49,1,Episode One: Whither Canada?,Italian lesson,Dialogue,Terry Jones,Teacher,I'm sorry ... I don't understand!,1969-09-07 00:00:00,1/1,1969-10-05 00:00:00
51,1,Episode One: Whither Canada?,Italian lesson,Dialogue,Michael Palin,Giuseppe,My friend say 'Why must he say...',1969-09-07 00:00:00,1/1,1969-10-05 00:00:00
53,1,Episode One: Whither Canada?,Italian lesson,Dialogue,Graham Chapman,German,Bitte mein Herr. Was ist das Won für Mittelschmerz?,1969-09-07 00:00:00,1/1,1969-10-05 00:00:00
54,1,Episode One: Whither Canada?,Italian lesson,Dialogue,Terry Jones,Teacher,Ah! Helmut - you want the German classes.,1969-09-07 00:00:00,1/1,1969-10-05 00:00:00
55,1,Episode One: Whither Canada?,Italian lesson,Dialogue,Graham Chapman,German,Oh ja! Danke schön.,1969-09-07 00:00:00,1/1,1969-10-05 00:00:00
58,1,Episode One: Whither Canada?,Italian lesson,Dialogue,Michael Palin,Giuseppe,"My friend he say, 'Why must I say I am Italian from Napoli when he lives in Milan?'",1969-09-07 00:00:00,1/1,1969-10-05 00:00:00
59,1,Episode One: Whither Canada?,Italian lesson,Dialogue,Terry Jones,Teacher,"Ah, I... well, tell your friend ... if he lives in Milan he must say 'Sono Italiano di Milano...'",1969-09-07 00:00:00,1/1,1969-10-05 00:00:00
61,1,Episode One: Whither Canada?,Italian lesson,Dialogue,Eric Idle,Francesco,Eeeeeee! Milano è tanto meglio di Napoli. Milano è la citta la più bella di tutti ... nel mondo...,1969-09-07 00:00:00,1/1,1969-10-05 00:00:00
62,1,Episode One: Whither Canada?,Italian lesson,Dialogue,Michael Palin,Giuseppe,He say 'Milan is better than Napoli'.,1969-09-07 00:00:00,1/1,1969-10-05 00:00:00
63,1,Episode One: Whither Canada?,Italian lesson,Dialogue,Terry Jones,Teacher,"Oh, he shouldn't be saying that, we haven't done comparatives yet.",1969-09-07 00:00:00,1/1,1969-10-05 00:00:00
69,1,Episode One: Whither Canada?,Whizzo butter,Dialogue,Terry Gilliam,Voice Over,"Yes, mothers, new improved Whizzo butter containing 10% more or less is absolutely indistinguishable from a dead crab. Remember, buy Whizzo butter and go to HEAVEN!",1969-09-07 00:00:00,1/1,1969-10-05 00:00:00
71,1,Episode One: Whither Canada?,Whizzo butter,Dialogue,Graham Chapman,First Pepperpot,I can't tell the difference between Whizzo butter and this dead crab.,1969-09-07 00:00:00,1/1,1969-10-05 00:00:00
72,1,Episode One: Whither Canada?,Whizzo butter,Dialogue,Michael Palin,Interviewer,"Yes, you know, we find that nine out of ten British housewives can't tell the difference between Whizzo butter and a dead crab.",1969-09-07 00:00:00,1/1,1969-10-05 00:00:00
74,1,Episode One: Whither Canada?,Whizzo butter,Dialogue,John Cleese,Second Pepperpot,"Here. Here! You're on television, aren't you?",1969-09-07 00:00:00,1/1,1969-10-05 00:00:00
76,1,Episode One: Whither Canada?,Whizzo butter,Dialogue,Michael Palin,Interviewer,"Yes, yes.",1969-09-07 00:00:00,1/1,1969-10-05 00:00:00
77,1,Episode One: Whither Canada?,Whizzo butter,Dialogue,John Cleese,Second Pepperpot,He does the thing with one of those silly women who can't tell Whizzo butter from a dead crab.,1969-09-07 00:00:00,1/1,1969-10-05 00:00:00
78,1,Episode One: Whither Canada?,Whizzo butter,Dialogue,Terry Jones,Third Pepperpot,"You try that around here, young man, and we'll slit your face.",1969-09-07 00:00:00,1/1,1969-10-05 00:00:00
81,1,Episode One: Whither Canada?,It's the Arts,Dialogue,Michael Palin,Linkman,Good evening and welcome to another edition of 'It's the Arts'. And we kick off this evening with the cinema.,1969-09-07 00:00:00,1/1,1969-10-05 00:00:00
83,1,Episode One: Whither Canada?,It's the Arts,Dialogue,John Cleese,Second Interviewer,"Good evening. One of the most prolific film directors of this age, or indeed of any age, is Sir Edward Ross, back in his native country for the first time for five years to open a season of his works at the National Film Theatre, and we are very fortunate to have him with us in this studio this evening.",1969-09-07 00:00:00,1/1,1969-10-05 00:00:00
84,1,Episode One: Whither Canada?,It's the Arts,Dialogue,Graham Chapman,Ross,Good evening.,1969-09-07 00:00:00,1/1,1969-10-05 00:00:00
85,1,Episode One: Whither Canada?,It's the Arts,Dialogue,John Cleese,Second Interviewer,Edward... you don't mind if I call you Edward?,1969-09-07 00:00:00,1/1,1969-10-05 00:00:00
86,1,Episode One: Whither Canada?,It's the Arts,Dialogue,Graham Chapman,Ross,"No, not at all.",1969-09-07 00:00:00,1/1,1969-10-05 00:00:00
87,1,Episode One: Whither Canada?,It's the Arts,Dialogue,John Cleese,Second Interviewer,Only it does worry some people - I don't know why...but they are a little sensitive so I take the precaution of asking on these occasions.,1969-09-07 00:00:00,1/1,1969-10-05 00:00:00
88,1,Episode One: Whither Canada?,It's the Arts,Dialogue,Graham Chapman,Ross,"No, no, no that's fine.",1969-09-07 00:00:00,1/1,1969-10-05 00:00:00
89,1,Episode One: Whither Canada?,It's the Arts,Dialogue,John Cleese,Second Interviewer,"So Edward's all right. Splendid. Splendid. I'm sorry to have brought it up, only eh...",1969-09-07 00:00:00,1/1,1969-10-05 00:00:00
90,1,Episode One: Whither Canada?,It's the Arts,Dialogue,Graham Chapman,Ross,"No, no, please. Edward it is.",1969-09-07 00:00:00,1/1,1969-10-05 00:00:00
91,1,Episode One: Whither Canada?,It's the Arts,Dialogue,John Cleese,Second Interviewer,Well thank you very much for being so helpful...only it's more than my job's worth to...er...,1969-09-07 00:00:00,1/1,1969-10-05 00:00:00
92,1,Episode One: Whither Canada?,It's the Arts,Dialogue,Graham Chapman,Ross,"Quite, yes.",1969-09-07 00:00:00,1/1,1969-10-05 00:00:00
93,1,Episode One: Whither Canada?,It's the Arts,Dialogue,John Cleese,Second Interviewer,Makes it rather difficult to establish a rapport ... to put the other person at his ease...,1969-09-07 00:00:00,1/1,1969-10-05 00:00:00
94,1,Episode One: Whither Canada?,It's the Arts,Dialogue,Graham Chapman,Ross,Quite.,1969-09-07 00:00:00,1/1,1969-10-05 00:00:00
95,1,Episode One: Whither Canada?,It's the Arts,Dialogue,John Cleese,Second Interviewer,"Yes, silly little point but it does seem to matter. Still - less said the better. Uh...Ted...when you first started in...you don't mind if I call you Ted?",1969-09-07 00:00:00,1/1,1969-10-05 00:00:00
96,1,Episode One: Whither Canada?,It's the Arts,Dialogue,Graham Chapman,Ross,"No, no, no everyone calls me Ted.",1969-09-07 00:00:00,1/1,1969-10-05 00:00:00
97,1,Episode One: Whither Canada?,It's the Arts,Dialogue,John Cleese,Second Interviewer,"Well it's shorter, isn't it.",1969-09-07 00:00:00,1/1,1969-10-05 00:00:00
98,1,Episode One: Whither Canada?,It's the Arts,Dialogue,Graham Chapman,Ross,Yes it is.,1969-09-07 00:00:00,1/1,1969-10-05 00:00:00
99,1,Episode One: Whither Canada?,It's the Arts,Dialogue,John Cleese,Second Interviewer,"Yes, and much less formal!",1969-09-07 00:00:00,1/1,1969-10-05 00:00:00
100,1,Episode One: Whither Canada?,It's the Arts,Dialogue,Graham Chapman,Ross,"Yes, Ted, Edward, anything!",1969-09-07 00:00:00,1/1,1969-10-05 00:00:00
101,1,Episode One: Whither Canada?,It's the Arts,Dialogue,John Cleese,Second Interviewer,"Splendid, splendid. Incidentally, do call me Tom, I don't want you playing around with any of this 'Thomas' nonsense! Ha ha ha ha! Now where were we? Ah yes. Eddie-baby, when you first started in the...",1969-09-07 00:00:00,1/1,1969-10-05 00:00:00
102,1,Episode One: Whither Canada?,It's the Arts,Dialogue,Graham Chapman,Ross,"I'm sorry, I'm sorry, but I don't like being called 'Eddie-baby'.",1969-09-07 00:00:00,1/1,1969-10-05 00:00:00
103,1,Episode One: Whither Canada?,It's the Arts,Dialogue,John Cleese,Second Interviewer,I'm sorry?,1969-09-07 00:00:00,1/1,1969-10-05 00:00:00
104,1,Episode One: Whither Canada?,It's the Arts,Dialogue,Graham Chapman,Ross,I don't like being called 'Eddie-baby'.,1969-09-07 00:00:00,1/1,1969-10-05 00:00:00
105,1,Episode One: Whither Canada?,It's the Arts,Dialogue,John Cleese,Second Interviewer,Did I call you 'Eddie-baby'?,1969-09-07 00:00:00,1/1,1969-10-05 00:00:00
106,1,Episode One: Whither Canada?,It's the Arts,Dialogue,Graham Chapman,Ross,"Yes, you did! Now get on with it.",1969-09-07 00:00:00,1/1,1969-10-05 00:00:00
107,1,Episode One: Whither Canada?,It's the Arts,Dialogue,John Cleese,Second Interviewer,I don't think I did call you Eddie-baby.,1969-09-07 00:00:00,1/1,1969-10-05 00:00:00
108,1,Episode One: Whither Canada?,It's the Arts,Dialogue,Graham Chapman,Ross,You did call me Eddie-baby.,1969-09-07 00:00:00,1/1,1969-10-05 00:00:00
110,1,Episode One: Whither Canada?,It's the Arts,Dialogue,John Cleese,Second Interviewer,Did I call him Eddie-baby?,1969-09-07 00:00:00,1/1,1969-10-05 00:00:00
112,1,Episode One: Whither Canada?,It's the Arts,Dialogue,John Cleese,Second Interviewer,"I didn't really call you Eddie-baby, did I, sweetie?",1969-09-07 00:00:00,1/1,1969-10-05 00:00:00
113,1,Episode One: Whither Canada?,It's the Arts,Dialogue,Graham Chapman,Ross,Don't call me sweetie!!,1969-09-07 00:00:00,1/1,1969-10-05 00:00:00
114,1,Episode One: Whither Canada?,It's the Arts,Dialogue,John Cleese,Second Interviewer,Can I call you sugar plum?,1969-09-07 00:00:00,1/1,1969-10-05 00:00:00
115,1,Episode One: Whither Canada?,It's the Arts,Dialogue,Graham Chapman,Ross,No!,1969-09-07 00:00:00,1/1,1969-10-05 00:00:00
116,1,Episode One: Whither Canada?,It's the Arts,Dialogue,John Cleese,Second Interviewer,Pussy cat?,1969-09-07 00:00:00,1/1,1969-10-05 00:00:00
117,1,Episode One: Whither Canada?,It's the Arts,Dialogue,Graham Chapman,Ross,No.,1969-09-07 00:00:00,1/1,1969-10-05 00:00:00
118,1,Episode One: Whither Canada?,It's the Arts,Dialogue,John Cleese,Second Interviewer,Angel-drawers?,1969-09-07 00:00:00,1/1,1969-10-05 00:00:00
119,1,Episode One: Whither Canada?,It's the Arts,Dialogue,Graham Chapman,Ross,No you may not! Now get on with it!,1969-09-07 00:00:00,1/1,1969-10-05 00:00:00
120,1,Episode One: Whither Canada?,It's the Arts,Dialogue,John Cleese,Second Interviewer,Can I call you 'Frank'?,1969-09-07 00:00:00,1/1,1969-10-05 00:00:00
121,1,Episode One: Whither Canada?,It's the Arts,Dialogue,Graham Chapman,Ross,Why Frank?,1969-09-07 00:00:00,1/1,1969-10-05 00:00:00
122,1,Episode One: Whither Canada?,It's the Arts,Dialogue,John Cleese,Second Interviewer,It's a nice name. Robin Day's got a hedgehog called Frank.,1969-09-07 00:00:00,1/1,1969-10-05 00:00:00
123,1,Episode One: Whither Canada?,It's the Arts,Dialogue,Graham Chapman,Ross,What is going on?,1969-09-07 00:00:00,1/1,1969-10-05 00:00:00
124,1,Episode One: Whither Canada?,It's the Arts,Dialogue,John Cleese,Second Interviewer,"Frannie, little Frannie, Frannie Knickers...",1969-09-07 00:00:00,1/1,1969-10-05 00:00:00
126,1,Episode One: Whither Canada?,It's the Arts,Dialogue,Graham Chapman,Ross,No. I'm leaving. I'm leaving. I'm off...,1969-09-07 00:00:00,1/1,1969-10-05 00:00:00
127,1,Episode One: Whither Canada?,It's the Arts,Dialogue,John Cleese,Second Interviewer,"Tell us about your latest film, Sir Edward.",1969-09-07 00:00:00,1/1,1969-10-05 00:00:00
129,1,Episode One: Whither Canada?,It's the Arts,Dialogue,Graham Chapman,Ross,What?,1969-09-07 00:00:00,1/1,1969-10-05 00:00:00
130,1,Episode One: Whither Canada?,It's the Arts,Dialogue,John Cleese,Second Interviewer,"Tell us about your latest film, if you'd be so very kind, Sir Edward.",1969-09-07 00:00:00,1/1,1969-10-05 00:00:00
131,1,Episode One: Whither Canada?,It's the Arts,Dialogue,Graham Chapman,Ross,None of this 'pussy cat' nonsense?,1969-09-07 00:00:00,1/1,1969-10-05 00:00:00
132,1,Episode One: Whither Canada?,It's the Arts,Dialogue,John Cleese,Second Interviewer,Promise.,1969-09-07 00:00:00,1/1,1969-10-05 00:00:00
134,1,Episode One: Whither Canada?,It's the Arts,Dialogue,John Cleese,Second Interviewer,"Please, Sir Edward.",1969-09-07 00:00:00,1/1,1969-10-05 00:00:00
135,1,Episode One: Whither Canada?,It's the Arts,Dialogue,Graham Chapman,Ross,My latest film?,1969-09-07 00:00:00,1/1,1969-10-05 00:00:00
136,1,Episode One: Whither Canada?,It's the Arts,Dialogue,John Cleese,Second Interviewer,"Yes, Sir Edward.",1969-09-07 00:00:00,1/1,1969-10-05 00:00:00
137,1,Episode One: Whither Canada?,It's the Arts,Dialogue,Graham Chapman,Ross,"Well the idea, funnily enough, came from an idea I had when I first joined the industry in 1919. Of course, in those days I was only the tea boy.",1969-09-07 00:00:00,1/1,1969-10-05 00:00:00
138,1,Episode One: Whither Canada?,It's the Arts,Dialogue,John Cleese,Second Interviewer,"Oh,",1969-09-07 00:00:00,1/1,1969-10-05 00:00:00
140,1,Episode One: Whither Canada?,It's the Arts,Dialogue,John Cleese,Second Interviewer,up.,1969-09-07 00:00:00,1/1,1969-10-05 00:00:00
142,1,Episode One: Whither Canada?,It's the Arts,Dialogue,Michael Palin,Linkman,"Sir Edward...Ross. Now, later in the programme we will be bringing you a unique event in the world of modern art. Pablo Picasso will be doing a special painting for us, on this programme, live, on a bicycle. But right now it's time to look at a man whose meteoric rise to fame...",1969-09-07 00:00:00,1/1,1969-10-05 00:00:00
146,1,Episode One: Whither Canada?,Arthur 'Two-Sheds' Jackson,Dialogue,Eric Idle,Third Interviewer,"Last week the Royal Festival Hall saw the first performance of a new symphony by one of the world's leading modern composers, Arthur 'Two Sheds' Jackson. Mr Jackson.",1969-09-07 00:00:00,1/1,1969-10-05 00:00:00
147,1,Episode One: Whither Canada?,Arthur 'Two-Sheds' Jackson,Dialogue,Terry Jones,Jackson,Good evening.,1969-09-07 00:00:00,1/1,1969-10-05 00:00:00
148,1,Episode One: Whither Canada?,Arthur 'Two-Sheds' Jackson,Dialogue,Eric Idle,Third Interviewer,"May I just sidetrack for one moment. Mr. Jackson, this, what shall I call it, nickname of yours.",1969-09-07 00:00:00,1/1,1969-10-05 00:00:00
149,1,Episode One: Whither Canada?,Arthur 'Two-Sheds' Jackson,Dialogue,Terry Jones,Jackson,Ah yes.,1969-09-07 00:00:00,1/1,1969-10-05 00:00:00
150,1,Episode One: Whither Canada?,Arthur 'Two-Sheds' Jackson,Dialogue,Eric Idle,Third Interviewer,'Two sheds'. How did you come by it?,1969-09-07 00:00:00,1/1,1969-10-05 00:00:00
151,1,Episode One: Whither Canada?,Arthur 'Two-Sheds' Jackson,Dialogue,Terry Jones,Jackson,"Well, I don't use it myself, it's just a few of my friends call me 'Two Sheds'.",1969-09-07 00:00:00,1/1,1969-10-05 00:00:00
152,1,Episode One: Whither Canada?,Arthur 'Two-Sheds' Jackson,Dialogue,Eric Idle,Third Interviewer,"I see, and do you in fact have two sheds?",1969-09-07 00:00:00,1/1,1969-10-05 00:00:00
153,1,Episode One: Whither Canada?,Arthur 'Two-Sheds' Jackson,Dialogue,Terry Jones,Jackson,"No. No, I've only one shed. I've had one for some time, but a few years ago I said I was thinking of getting another one, and since then some people have called me 'Two Sheds'.",1969-09-07 00:00:00,1/1,1969-10-05 00:00:00
154,1,Episode One: Whither Canada?,Arthur 'Two-Sheds' Jackson,Dialogue,Eric Idle,Third Interviewer,In spite of the fact that you only have one.,1969-09-07 00:00:00,1/1,1969-10-05 00:00:00
155,1,Episode One: Whither Canada?,Arthur 'Two-Sheds' Jackson,Dialogue,Terry Jones,Jackson,Yes.,1969-09-07 00:00:00,1/1,1969-10-05 00:00:00
156,1,Episode One: Whither Canada?,Arthur 'Two-Sheds' Jackson,Dialogue,Eric Idle,Third Interviewer,"I see, and are you thinking of purchasing a second shed?",1969-09-07 00:00:00,1/1,1969-10-05 00:00:00
157,1,Episode One: Whither Canada?,Arthur 'Two-Sheds' Jackson,Dialogue,Terry Jones,Jackson,No!,1969-09-07 00:00:00,1/1,1969-10-05 00:00:00
158,1,Episode One: Whither Canada?,Arthur 'Two-Sheds' Jackson,Dialogue,Eric Idle,Third Interviewer,To bring you in line with your epithet?,1969-09-07 00:00:00,1/1,1969-10-05 00:00:00
159,1,Episode One: Whither Canada?,Arthur 'Two-Sheds' Jackson,Dialogue,Terry Jones,Jackson,No.,1969-09-07 00:00:00,1/1,1969-10-05 00:00:00
160,1,Episode One: Whither Canada?,Arthur 'Two-Sheds' Jackson,Dialogue,Eric Idle,Third Interviewer,"I see, I see. Well let's return to your symphony. Ah, now then, did you write this symphony...",1969-09-07 00:00:00,1/1,1969-10-05 00:00:00
162,1,Episode One: Whither Canada?,Arthur 'Two-Sheds' Jackson,Dialogue,Eric Idle,Third Interviewer,the shed?,1969-09-07 00:00:00,1/1,1969-10-05 00:00:00
163,1,Episode One: Whither Canada?,Arthur 'Two-Sheds' Jackson,Dialogue,Eric Idle,Third Interviewer,Have you written any of your recent works in this shed of yours?,1969-09-07 00:00:00,1/1,1969-10-05 00:00:00
164,1,Episode One: Whither Canada?,Arthur 'Two-Sheds' Jackson,Dialogue,Terry Jones,Jackson,No it's just a perfectly ordinary garden shed.,1969-09-07 00:00:00,1/1,1969-10-05 00:00:00
166,1,Episode One: Whither Canada?,Arthur 'Two-Sheds' Jackson,Dialogue,Eric Idle,Third Interviewer,I see. And you're thinking of buying this second shed to write in.,1969-09-07 00:00:00,1/1,1969-10-05 00:00:00
167,1,Episode One: Whither Canada?,Arthur 'Two-Sheds' Jackson,Dialogue,Terry Jones,Jackson,"No, no. Look. This shed business, it doesn't really matter at all, the sheds aren't important. It's just a few friends call me Two Sheds and that's all there is to it. I wish you'd ask me about my music. I'm a composer. People always ask me about the sheds, they've got it out of proportion, I'm fed up with the shed, I wish I'd never got it in the first place.",1969-09-07 00:00:00,1/1,1969-10-05 00:00:00
168,1,Episode One: Whither Canada?,Arthur 'Two-Sheds' Jackson,Dialogue,Eric Idle,Third Interviewer,I expect you are probably thinking of selling one.,1969-09-07 00:00:00,1/1,1969-10-05 00:00:00
169,1,Episode One: Whither Canada?,Arthur 'Two-Sheds' Jackson,Dialogue,Terry Jones,Jackson,I will sell one.,1969-09-07 00:00:00,1/1,1969-10-05 00:00:00
170,1,Episode One: Whither Canada?,Arthur 'Two-Sheds' Jackson,Dialogue,Eric Idle,Third Interviewer,Then you'll be Arthur 'No Sheds' Jackson?,1969-09-07 00:00:00,1/1,1969-10-05 00:00:00
171,1,Episode One: Whither Canada?,Arthur 'Two-Sheds' Jackson,Dialogue,Terry Jones,Jackson,"Look, forget about the sheds. They don't matter.",1969-09-07 00:00:00,1/1,1969-10-05 00:00:00
172,1,Episode One: Whither Canada?,Arthur 'Two-Sheds' Jackson,Dialogue,Eric Idle,Third Interviewer,"Mr. Jackson, I think, with respect, we ought to talk about your symphony.",1969-09-07 00:00:00,1/1,1969-10-05 00:00:00
173,1,Episode One: Whither Canada?,Arthur 'Two-Sheds' Jackson,Dialogue,Terry Jones,Jackson,What?,1969-09-07 00:00:00,1/1,1969-10-05 00:00:00
174,1,Episode One: Whither Canada?,Arthur 'Two-Sheds' Jackson,Dialogue,Eric Idle,Third Interviewer,Apparently your symphony was written for organ and tympani.,1969-09-07 00:00:00,1/1,1969-10-05 00:00:00
176,1,Episode One: Whither Canada?,Arthur 'Two-Sheds' Jackson,Dialogue,Terry Jones,Jackson,What's that?,1969-09-07 00:00:00,1/1,1969-10-05 00:00:00
177,1,Episode One: Whither Canada?,Arthur 'Two-Sheds' Jackson,Dialogue,Eric Idle,Third Interviewer,What's what?,1969-09-07 00:00:00,1/1,1969-10-05 00:00:00
178,1,Episode One: Whither Canada?,Arthur 'Two-Sheds' Jackson,Dialogue,Terry Jones,Jackson,It's a shed. Get it off.,1969-09-07 00:00:00,1/1,1969-10-05 00:00:00
180,1,Episode One: Whither Canada?,Arthur 'Two-Sheds' Jackson,Dialogue,Terry Jones,Jackson,Right.,1969-09-07 00:00:00,1/1,1969-10-05 00:00:00
181,1,Episode One: Whither Canada?,Arthur 'Two-Sheds' Jackson,Dialogue,Eric Idle,Third Interviewer,Now then Mr. Jackson...your symphony.,1969-09-07 00:00:00,1/1,1969-10-05 00:00:00
184,1,Episode One: Whither Canada?,Arthur 'Two-Sheds' Jackson,Dialogue,Eric Idle,Third Interviewer,I understand that you used to be interested in train-spotting.,1969-09-07 00:00:00,1/1,1969-10-05 00:00:00
185,1,Episode One: Whither Canada?,Arthur 'Two-Sheds' Jackson,Dialogue,Eric Idle,Third Interviewer,"I understand that, about thirty years ago, you were extremely interested in train-spotting.",1969-09-07 00:00:00,1/1,1969-10-05 00:00:00
186,1,Episode One: Whither Canada?,Arthur 'Two-Sheds' Jackson,Dialogue,Terry Jones,Jackson,What's that got to do with my bloody music?,1969-09-07 00:00:00,1/1,1969-10-05 00:00:00
188,1,Episode One: Whither Canada?,Arthur 'Two-Sheds' Jackson,Dialogue,John Cleese,Second Interviewer,Are you having any trouble from him?,1969-09-07 00:00:00,1/1,1969-10-05 00:00:00
189,1,Episode One: Whither Canada?,Arthur 'Two-Sheds' Jackson,Dialogue,Eric Idle,Third Interviewer,"Yes, a little.",1969-09-07 00:00:00,1/1,1969-10-05 00:00:00
190,1,Episode One: Whither Canada?,Arthur 'Two-Sheds' Jackson,Dialogue,John Cleese,Second Interviewer,"Exactly. Well we interviewers are more than a match for the likes of you, 'Two Sheds'.",1969-09-07 00:00:00,1/1,1969-10-05 00:00:00
191,1,Episode One: Whither Canada?,Arthur 'Two-Sheds' Jackson,Dialogue,Eric Idle,Third Interviewer,"Yes, make yourself scarce, 'Two Sheds'. This studio isn't big enough for the three of us!",1969-09-07 00:00:00,1/1,1969-10-05 00:00:00
193,1,Episode One: Whither Canada?,Arthur 'Two-Sheds' Jackson,Dialogue,Terry Jones,Jackson,What are you doing?,1969-09-07 00:00:00,1/1,1969-10-05 00:00:00
195,1,Episode One: Whither Canada?,Arthur 'Two-Sheds' Jackson,Dialogue,John Cleese,Second Interviewer,"Get your own Arts programme, you fairy!",1969-09-07 00:00:00,1/1,1969-10-05 00:00:00
197,1,Episode One: Whither Canada?,Arthur 'Two-Sheds' Jackson,Dialogue,Eric Idle,Third Interviewer,Arthur 'Two Sheds' Jackson.,1969-09-07 00:00:00,1/1,1969-10-05 00:00:00
200,1,Episode One: Whither Canada?,Arthur 'Two-Sheds' Jackson,Dialogue,Eric Idle,Third Interviewer,"Never mind, Timmy.",1969-09-07 00:00:00,1/1,1969-10-05 00:00:00
202,1,Episode One: Whither Canada?,Arthur 'Two-Sheds' Jackson,Dialogue,John Cleese,Second Interviewer,"Oh, Michael, you are such a comfort.",1969-09-07 00:00:00,1/1,1969-10-05 00:00:00
203,1,Episode One: Whither Canada?,Arthur 'Two-Sheds' Jackson,Dialogue,Michael Palin,Linkman,Arthur 'Two Sheds'...,1969-09-07 00:00:00,1/1,1969-10-05 00:00:00
205,1,Episode One: Whither Canada?,Arthur 'Two-Sheds' Jackson,Dialogue,John Cleese,Viking,...Jackson.,1969-09-07 00:00:00,1/1,1969-10-05 00:00:00
207,1,Episode One: Whither Canada?,Picasso/cycling race,Dialogue,Michael Palin,Linkman,And now for more news of the momentous artistic event in which Pablo Picasso is doing a specially commissioned painting for us whilst riding a bicycle. Pablo Picasso - the founder of modern art - without doubt the greatest abstract painter ever... for the first time painting in motion. But first of all let's have a look at the route he'll be taking.,1969-09-07 00:00:00,1/1,1969-10-05 00:00:00
209,1,Episode One: Whither Canada?,Picasso/cycling race,Dialogue,Michael Palin,Baxter,"Well Picasso will be starting, David, at Chichester here, he'll then cycle on the A29 to Fontwell, he'll then take the A272 which will bring him on to the A3 just north of Hindhead here. From then on Pablo has a straight run on the A3 until he meets the South Circular at Battersea here. Well, this is a truly remarkable occasion as it is the first time that a modern artist of such stature has taken the A272, and it'll be very interesting to see how he copes with the heavy traffic round Wisborough Green. Vicky.",1969-09-07 00:00:00,1/1,1969-10-05 00:00:00
211,1,Episode One: Whither Canada?,Picasso/cycling race,Dialogue,Eric Idle,Vicky,Well Picasso will be riding his Viking Super Roadster with the drop handlebars and the dual-thread wheel-rims and with his Wiley-Prat 20-1 synchro-mesh he should experience difficulties on the sort of road surfaces they just don't get abroad. Mitzie.,1969-09-07 00:00:00,1/1,1969-10-05 00:00:00
213,1,Episode One: Whither Canada?,Picasso/cycling race,Dialogue,Michael Palin,Linkman,And now for the latest report on Picasso's progress over to Reg Moss on the Guildford by-pass.,1969-09-07 00:00:00,1/1,1969-10-05 00:00:00
215,1,Episode One: Whither Canada?,Picasso/cycling race,Dialogue,Eric Idle,Reg Moss,"Well there's no sign of Picasso at the moment, David. But he should be through here at any moment. However I do have with me Mr Ron Geppo, British Cycling Sprint Champion and this year's winner of the Derby-Doncaster rally.",1969-09-07 00:00:00,1/1,1969-10-05 00:00:00
217,1,Episode One: Whither Canada?,Picasso/cycling race,Dialogue,Graham Chapman,Geppo,"Well Reg, I think Pablo should be all right provided he doesn't attempt anything on the monumental scale of some of his earlier paintings, like Guernica or Mademoiselles d'Avignon or even his later War and Peace murals for the Temple of Peace chapel at Vallauris, because with this strong head wind I don't think even Doug Timpson of Manchester Harriers could paint anything on that kind of scale.",1969-09-07 00:00:00,1/1,1969-10-05 00:00:00
218,1,Episode One: Whither Canada?,Picasso/cycling race,Dialogue,Eric Idle,Reg Moss,"Well, thank you Ron. Well, there still seems to be no sign of Picasso, so I'll hand you back to the studio.",1969-09-07 00:00:00,1/1,1969-10-05 00:00:00
219,1,Episode One: Whither Canada?,Picasso/cycling race,Dialogue,Michael Palin,Linkman,"Well, we've just heard that Picasso is approaching the Tolworth roundabout on the A3 so come in Sam Trench at Tolworth.",1969-09-07 00:00:00,1/1,1969-10-05 00:00:00
221,1,Episode One: Whither Canada?,Picasso/cycling race,Dialogue,John Cleese,Trench,"Well something certainly is happening here at Tolworth roundabout, David. I can now see Picasso, he's cycling down very hard towards the roundabout, he's about 75-50 yards away and I can now see his painting... it's an abstract... I can see some blue some purple and some little black oval shapes... I think I can see...",1969-09-07 00:00:00,1/1,1969-10-05 00:00:00
223,1,Episode One: Whither Canada?,Picasso/cycling race,Dialogue,Michael Palin,Pepperpot,That's not Picasso - that's Kandinsky.,1969-09-07 00:00:00,1/1,1969-10-05 00:00:00
226,1,Episode One: Whither Canada?,Picasso/cycling race,Dialogue,John Cleese,Trench,"Piet Mondrian - just behind, Piet Mondrian the Neo-Plasticist, and then a gap, then the main bunch, here they come, Chagall, Max Ernst, Miro, Dufy, Ben Nicholson, Jackson Pollock and Bernard Buffet making a break on the outside here, Brancusi's going with him, so is Gericault, Ferdinand Leger, Delaunay, De Kooning, Kokoschka's dropping back here by the look of it, and so's Paul Klee dropping back a bit and, right at the back of this group, our very own Kurt Schwitters..",1969-09-07 00:00:00,1/1,1969-10-05 00:00:00
227,1,Episode One: Whither Canada?,Picasso/cycling race,Dialogue,Michael Palin,Pepperpot,He's German!,1969-09-07 00:00:00,1/1,1969-10-05 00:00:00
228,1,Episode One: Whither Canada?,Picasso/cycling race,Dialogue,John Cleese,Trench,"But as yet absolutely no sign of Pablo Picasso, and so from Tolworth roundabout back to the studio.",1969-09-07 00:00:00,1/1,1969-10-05 00:00:00
231,1,Episode One: Whither Canada?,Picasso/cycling race,Dialogue,Michael Palin,Linkman,"Well I think I can help you there Sam, we're getting reports in from the AA that Picasso, Picasso has fallen off...he's fallen off his bicycle on the B2127 just outside Ewhurst, trying to get a short cut through to Dorking via Gomslake and Peashall. Well, Picasso is reported to be unhurt, but the pig has a slight headache. And on that note we must say goodnight to you. Picasso has failed in his first bid for international cycling fame. So from all of us here at the 'It's the Arts' studio, it's goodnight. Goodnight.",1969-09-07 00:00:00,1/1,1969-10-05 00:00:00
236,1,Episode One: Whither Canada?,Picasso/cycling race,Dialogue,Terry Jones,Private,"Dobson's bought it, sir.",1969-09-07 00:00:00,1/1,1969-10-05 00:00:00
237,1,Episode One: Whither Canada?,Picasso/cycling race,Dialogue,Michael Palin,Officer,"Porker, eh? Swine.",1969-09-07 00:00:00,1/1,1969-10-05 00:00:00
239,1,Episode One: Whither Canada?,The funniest joke in the world,Dialogue,Eric Idle,Voice Over,"This man is Ernest Scribbler... writer of jokes. In a few moments, he will have written the funniest joke in the world... and, as a consequence, he will die ... laughing.",1969-09-07 00:00:00,1/1,1969-10-05 00:00:00
241,1,Episode One: Whither Canada?,The funniest joke in the world,Dialogue,Eric Idle,Voice Over,It was obvious that this joke was lethal... no one could read it and live ...,1969-09-07 00:00:00,1/1,1969-10-05 00:00:00
244,1,Episode One: Whither Canada?,The funniest joke in the world,Dialogue,Terry Jones,Commentator,"This morning, shortly after eleven o'clock, comedy struck this little house in Dibley Road. Sudden ...violent ... comedy. Police have sealed off the area, and Scotland Yard's crack inspector is with me now.",1969-09-07 00:00:00,1/1,1969-10-05 00:00:00
245,1,Episode One: Whither Canada?,The funniest joke in the world,Dialogue,Graham Chapman,Inspector,I shall enter the house and attempt to remove the joke.,1969-09-07 00:00:00,1/1,1969-10-05 00:00:00
247,1,Episode One: Whither Canada?,The funniest joke in the world,Dialogue,Graham Chapman,Inspector,"I shall be aided by the sound of sombre music, played on gramophone records, and also by the chanting of laments by the men of Q Division ...",1969-09-07 00:00:00,1/1,1969-10-05 00:00:00
249,1,Episode One: Whither Canada?,The funniest joke in the world,Dialogue,Graham Chapman,Inspector,The atmosphere thus created should protect me in the eventuality of me reading the joke.,1969-09-07 00:00:00,1/1,1969-10-05 00:00:00
251,1,Episode One: Whither Canada?,The funniest joke in the world,Dialogue,Terry Jones,Commentator,"There goes a brave man. Whether he comes out alive or not, this will surely be remembered as one of the most courageous and gallant acts in police history.",1969-09-07 00:00:00,1/1,1969-10-05 00:00:00
254,1,Episode One: Whither Canada?,The funniest joke in the world,Dialogue,Eric Idle,Voice Over,"It was not long before the Army became interested in the military potential of the Killer Joke. Under top security, the joke was hurried to a meeting of Allied Commanders at the Ministry of War.",1969-09-07 00:00:00,1/1,1969-10-05 00:00:00
258,1,Episode One: Whither Canada?,The funniest joke in the world,Dialogue,Eric Idle,Voice Over,Top brass were impressed. Tests on Salisbury Plain confirmed the joke's devastating effectiveness at a range of up to fifty yards.,1969-09-07 00:00:00,1/1,1969-10-05 00:00:00
264,1,Episode One: Whither Canada?,The funniest joke in the world,Dialogue,Graham Chapman,Colonel,"All through the winter of '43 we had translators working, in joke-proof conditions, to try and produce a German version of the joke. They worked on one word each for greater safety. One of them saw two words of the joke and spent several weeks in hospital. But apart from that things went pretty quickly, and we soon had the joke by January, in a form which our troops couldn't understand but which the Germans could.",1969-09-07 00:00:00,1/1,1969-10-05 00:00:00
266,1,Episode One: Whither Canada?,The funniest joke in the world,Dialogue,Eric Idle,Voice Over,"So, on July 8th, 1944, the joke was first told to the enemy in the Ardennes...",1969-09-07 00:00:00,1/1,1969-10-05 00:00:00
271,1,Episode One: Whither Canada?,The funniest joke in the world,Dialogue,Eric Idle,Voice Over,It was a fantastic success. Over sixty thousand times as powerful as      Britain's great pre-war joke ...,1969-09-07 00:00:00,1/1,1969-10-05 00:00:00
273,1,Episode One: Whither Canada?,The funniest joke in the world,Dialogue,Eric Idle,Voice Over,...and one which Hitler just couldn't match.,1969-09-07 00:00:00,1/1,1969-10-05 00:00:00
280,1,Episode One: Whither Canada?,The funniest joke in the world,Dialogue,Eric Idle,Voice Over,In action it was deadly.,1969-09-07 00:00:00,1/1,1969-10-05 00:00:00
282,1,Episode One: Whither Canada?,The funniest joke in the world,Dialogue,Terry Jones,Joke Corporal,Wenn ist das Nunstruck git und Slotermeyer? Ja! .. Beiherhund das Oder die Flipperwaldt gersput!,1969-09-07 00:00:00,1/1,1969-10-05 00:00:00
287,1,Episode One: Whither Canada?,The funniest joke in the world,Dialogue,Eric Idle,Voice Over,The German casualties were appalling.,1969-09-07 00:00:00,1/1,1969-10-05 00:00:00
290,1,Episode One: Whither Canada?,The funniest joke in the world,Dialogue,John Cleese,Nazi,Vott is the big joke?,1969-09-07 00:00:00,1/1,1969-10-05 00:00:00
291,1,Episode One: Whither Canada?,The funniest joke in the world,Dialogue,Michael Palin,Officer,"I can only give you name, rank, and why did the chicken cross the road?",1969-09-07 00:00:00,1/1,1969-10-05 00:00:00
292,1,Episode One: Whither Canada?,The funniest joke in the world,Dialogue,John Cleese,Nazi,That's not funny!,1969-09-07 00:00:00,1/1,1969-10-05 00:00:00
294,1,Episode One: Whither Canada?,The funniest joke in the world,Dialogue,John Cleese,Nazi,I vant to know the joke.,1969-09-07 00:00:00,1/1,1969-10-05 00:00:00
295,1,Episode One: Whither Canada?,The funniest joke in the world,Dialogue,Michael Palin,Officer,All right. How do you make a Nazi cross?,1969-09-07 00:00:00,1/1,1969-10-05 00:00:00
297,1,Episode One: Whither Canada?,The funniest joke in the world,Dialogue,John Cleese,Nazi,I don't know ... how do you make a Nazi cross?,1969-09-07 00:00:00,1/1,1969-10-05 00:00:00
298,1,Episode One: Whither Canada?,The funniest joke in the world,Dialogue,Michael Palin,Officer,Tread on his corns.,1969-09-07 00:00:00,1/1,1969-10-05 00:00:00
300,1,Episode One: Whither Canada?,The funniest joke in the world,Dialogue,John Cleese,Nazi,Gott in Himmel! That's not funny!,1969-09-07 00:00:00,1/1,1969-10-05 00:00:00
302,1,Episode One: Whither Canada?,The funniest joke in the world,Dialogue,John Cleese,Nazi,"Now if you don't tell me the joke, I shall hit you properly.",1969-09-07 00:00:00,1/1,1969-10-05 00:00:00
303,1,Episode One: Whither Canada?,The funniest joke in the world,Dialogue,Michael Palin,Officer,"I can stand physical pain, you know.",1969-09-07 00:00:00,1/1,1969-10-05 00:00:00
304,1,Episode One: Whither Canada?,The funniest joke in the world,Dialogue,John Cleese,Nazi,"Ah ... you're no fun. All right, Otto.",1969-09-07 00:00:00,1/1,1969-10-05 00:00:00
306,1,Episode One: Whither Canada?,The funniest joke in the world,Dialogue,Michael Palin,Officer,"Oh no - anything but that please no, all right I'll tell you.",1969-09-07 00:00:00,1/1,1969-10-05 00:00:00
308,1,Episode One: Whither Canada?,The funniest joke in the world,Dialogue,John Cleese,Nazi,Quick Otto. The typewriter.,1969-09-07 00:00:00,1/1,1969-10-05 00:00:00
310,1,Episode One: Whither Canada?,The funniest joke in the world,Dialogue,Michael Palin,Officer,Wenn ist das Nunstruck git und Slotermeyer? Ja! ... Beiherhund das Oder die Flipperwaldt gersput.,1969-09-07 00:00:00,1/1,1969-10-05 00:00:00
312,1,Episode One: Whither Canada?,The funniest joke in the world,Dialogue,John Cleese,Nazi,Ach! Zat iss not funny!,1969-09-07 00:00:00,1/1,1969-10-05 00:00:00
317,1,Episode One: Whither Canada?,The funniest joke in the world,Dialogue,Eric Idle,Voice Over,"But at Peenemunde in the Autumn of '44, the Germans were working on a joke of their own.",1969-09-07 00:00:00,1/1,1969-10-05 00:00:00
319,1,Episode One: Whither Canada?,The funniest joke in the world,Dialogue,Eric Idle,German Joker,Die ist ein Kinnerhunder und zwei Mackel über und der bitte schön ist den Wunderhaus sprechensie. 'Nein' sprecht der Herren 'Ist aufern borger mit zveitingen'.,1969-09-07 00:00:00,1/1,1969-10-05 00:00:00
321,1,Episode One: Whither Canada?,The funniest joke in the world,Dialogue,Graham Chapman,Otto,We let you know.,1969-09-07 00:00:00,1/1,1969-10-05 00:00:00
324,1,Episode One: Whither Canada?,The funniest joke in the world,Dialogue,Eric Idle,Voice Over,"But by December their joke was ready, and Hitler gave the order for the German V-Joke to be broadcast in English.",1969-09-07 00:00:00,1/1,1969-10-05 00:00:00
330,1,Episode One: Whither Canada?,The funniest joke in the world,Dialogue,Eric Idle,Commentator,"In 1945 Peace broke out. It was the end of the Joke. Joke warfare was banned at a special session of the Geneva Convention, and in 1950 the last remaining copy of the joke was laid to rest here in the Berkshire countryside, never to be told again.",1969-09-07 00:00:00,1/1,1969-10-05 00:00:00
336,1,Episode One: Whither Canada?,The funniest joke in the world,Dialogue,Graham Chapman,Announcer,And here is the final score: Pigs 9 - British Bipeds 4. The Pigs go on to meet Vicki Carr in the final.,1969-09-07 00:00:00,1/1,1969-10-05 00:00:00